seconds,secondsWithin,minuteWithin,period,value,marker
1,1,0.016666667,P1,M1,
2,3,0.05,P1,M2,
3,6,0.1,P1,M3,
4,10,0.166666667,P1,M4,
5,15,0.25,P1,M5,
6,21,0.35,P1,M6,
7,28,0.466666667,P1,M7,
8,36,0.6,P1,M8,
9,45,0.75,P1,M9,
10,55,0.916666667,P1,M10,
11,66,1.1,P1,M11,
4,70,1.166666667,P1,M12,
5,75,1.25,P1,M13,
6,81,1.35,P1,M14,
7,88,1.466666667,P1,M15,
8,96,1.6,P1,M16,
9,105,1.75,P1,M17,
10,115,1.916666667,P1,M18,
11,126,2.1,P1,M19,
4,130,2.166666667,P1,M20,
5,135,2.25,P1,M21,
6,141,2.35,P1,M22,
7,148,2.466666667,P1,M23,
8,156,2.6,P1,M24,
9,165,2.75,P1,M25,
10,175,2.916666667,P1,M26,
11,186,3.1,P1,M27,
4,190,3.166666667,P1,M28,
5,195,3.25,P1,M29,
6,201,3.35,P1,M30,
7,208,3.466666667,P1,M31,
8,216,3.6,P1,M32,
9,225,3.75,P1,M33,
10,235,3.916666667,P1,M34,
11,246,4.1,P1,M35,
4,250,4.166666667,P1,M36,
5,255,4.25,P1,M37,
6,261,4.35,P1,M38,
4,265,4.416666667,P1,M39,
5,270,4.5,P1,M40,
6,276,4.6,P1,M41,
7,283,4.716666667,P1,M42,
8,291,4.85,P1,M43,
9,300,5,P1,M44,
10,310,5.166666667,P1,M45,
11,321,5.35,P1,M46,
4,325,5.416666667,P1,M47,
5,330,5.5,P1,M48,
6,336,5.6,P1,M49,
7,343,5.716666667,P1,M50,
8,351,5.85,P1,M51,
9,360,6,P1,M52,
10,370,6.166666667,P1,M53,
11,381,6.35,P1,M54,
4,385,6.416666667,P1,M55,
5,390,6.5,P1,M56,
6,396,6.6,P1,M57,
7,403,6.716666667,P1,M58,
8,411,6.85,P1,M59,
9,420,7,P1,M60,
10,430,7.166666667,P1,M61,
11,441,7.35,P1,M62,
4,445,7.416666667,P1,M63,
5,450,7.5,P1,M64,
1,451,7.516666667,P1,M65,
2,453,7.55,P1,M66,
3,456,7.6,P1,M67,
4,460,7.666666667,P1,M68,
5,465,7.75,P1,M69,
6,471,7.85,P1,M70,
7,478,7.966666667,P1,M71,
8,486,8.1,P1,M72,
9,495,8.25,P1,M73,
10,505,8.416666667,P1,M74,
11,516,8.6,P1,M75,
4,520,8.666666667,P1,M76,
5,525,8.75,P1,M77,
6,531,8.85,P1,M78,
7,538,8.966666667,P1,M79,
8,546,9.1,P1,M80,
9,555,9.25,P1,M81,
10,565,9.416666667,P1,M82,
11,576,9.6,P1,M83,
4,580,9.666666667,P1,M84,
5,585,9.75,P1,M85,
6,591,9.85,P1,M86,
7,598,9.966666667,P1,M87,
8,606,10.1,P1,M88,
9,615,10.25,P1,M89,
10,625,10.41666667,P1,M90,
11,636,10.6,P1,M91,
4,640,10.66666667,P1,M92,
5,645,10.75,P1,M93,
6,651,10.85,P1,M94,
7,658,10.96666667,P1,M95,
8,666,11.1,P1,M96,
9,675,11.25,P1,M97,
10,685,11.41666667,P1,M98,
11,696,11.6,P1,M99,
4,700,11.66666667,P1,M100,
5,705,11.75,P1,M101,
6,711,11.85,P1,M102,
4,715,11.91666667,P1,M103,
5,720,12,P1,M104,
6,726,12.1,P1,M105,
7,733,12.21666667,P1,M106,
8,741,12.35,P1,M107,
9,750,12.5,P1,M108,
10,760,12.66666667,P1,M109,
11,771,12.85,P1,M110,
4,775,12.91666667,P1,M111,
5,780,13,P1,M112,
6,786,13.1,P1,M113,
7,793,13.21666667,P1,M114,
8,801,13.35,P1,M115,
9,810,13.5,P1,M116,
10,820,13.66666667,P1,M117,
11,831,13.85,P1,M118,
4,835,13.91666667,P1,M119,
5,840,14,P1,M120,
6,846,14.1,P1,M121,
7,853,14.21666667,P1,M122,
8,861,14.35,P1,M123,
9,870,14.5,P1,M124,
10,880,14.66666667,P1,M125,
11,891,14.85,P1,M126,
4,895,14.91666667,P1,M127,
5,900,15,P1,M128,
1,901,15.01666667,P1,M129,
2,903,15.05,P1,M130,
3,906,15.1,P1,M131,
4,910,15.16666667,P1,M132,
5,915,15.25,P1,M133,
6,921,15.35,P1,M134,
7,928,15.46666667,P1,M135,
8,936,15.6,P1,M136,
9,945,15.75,P1,M137,
10,955,15.91666667,P1,M138,
11,966,16.1,P1,M139,
4,970,16.16666667,P1,M140,
5,975,16.25,P1,M141,
6,981,16.35,P1,M142,
7,988,16.46666667,P1,M143,
8,996,16.6,P1,M144,
9,1005,16.75,P1,M145,
10,1015,16.91666667,P1,M146,
11,1026,17.1,P1,M147,
4,1030,17.16666667,P1,M148,
5,1035,17.25,P1,M149,
6,1041,17.35,P1,M150,
7,1048,17.46666667,P1,M151,
8,1056,17.6,P1,M152,
9,1065,17.75,P1,M153,
10,1075,17.91666667,P1,M154,
11,1086,18.1,P1,M155,
4,1090,18.16666667,P1,M156,
5,1095,18.25,P1,M157,
6,1101,18.35,P1,M158,
7,1108,18.46666667,P1,M159,
8,1116,18.6,P1,M160,
9,1125,18.75,P1,M161,
10,1135,18.91666667,P1,M162,
11,1146,19.1,P1,M163,
4,1150,19.16666667,P1,M164,
5,1155,19.25,P1,M165,
6,1161,19.35,P1,M166,
4,1165,19.41666667,P1,M167,
5,1170,19.5,P1,M168,
6,1176,19.6,P1,M169,
7,1183,19.71666667,P1,M170,
8,1191,19.85,P1,M171,
9,1200,20,P1,M172,
10,1210,20.16666667,P1,M173,
11,1221,20.35,P1,M174,
4,1225,20.41666667,P1,M175,
5,1230,20.5,P1,M176,
6,1236,20.6,P1,M177,
7,1243,20.71666667,P1,M178,
8,1251,20.85,P1,M179,
9,1260,21,P1,M180,
10,1270,21.16666667,P1,M181,
11,1281,21.35,P1,M182,
4,1285,21.41666667,P1,M183,
5,1290,21.5,P1,M184,
6,1296,21.6,P1,M185,
7,1303,21.71666667,P1,M186,
8,1311,21.85,P1,M187,
9,1320,22,P1,M188,
10,1330,22.16666667,P1,M189,
11,1341,22.35,P1,M190,
4,1345,22.41666667,P1,M191,
5,1350,22.5,P1,M192,
1,1351,22.51666667,P1,M193,
2,1353,22.55,P1,M194,
3,1356,22.6,P1,M195,
4,1360,22.66666667,P1,M196,
5,1365,22.75,P1,M197,
6,1371,22.85,P1,M198,
7,1378,22.96666667,P1,M199,
8,1386,23.1,P1,M200,
9,1395,23.25,P1,M201,
10,1405,23.41666667,P1,M202,
11,1416,23.6,P1,M203,
4,1420,23.66666667,P1,M204,
5,1425,23.75,P1,M205,
6,1431,23.85,P1,M206,
7,1438,23.96666667,P1,M207,
8,1446,24.1,P1,M208,
9,1455,24.25,P1,M209,
10,1465,24.41666667,P1,M210,
11,1476,24.6,P1,M211,
4,1480,24.66666667,P1,M212,
5,1485,24.75,P1,M213,
6,1491,24.85,P1,M214,
7,1498,24.96666667,P1,M215,
8,1506,25.1,P1,M216,
9,1515,25.25,P1,M217,
10,1525,25.41666667,P1,M218,
11,1536,25.6,P1,M219,
4,1540,25.66666667,P1,M220,
5,1545,25.75,P1,M221,
6,1551,25.85,P1,M222,
7,1558,25.96666667,P1,M223,
8,1566,26.1,P1,M224,
9,1575,26.25,P1,M225,
10,1585,26.41666667,P1,M226,
11,1596,26.6,P1,M227,
4,1600,26.66666667,P1,M228,
5,1605,26.75,P1,M229,
6,1611,26.85,P1,M230,
4,1615,26.91666667,P1,M231,
5,1620,27,P1,M232,
6,1626,27.1,P1,M233,
7,1633,27.21666667,P1,M234,
8,1641,27.35,P1,M235,
9,1650,27.5,P1,M236,
10,1660,27.66666667,P1,M237,
11,1671,27.85,P1,M238,
4,1675,27.91666667,P1,M239,
5,1680,28,P1,M240,
6,1686,28.1,P1,M241,
7,1693,28.21666667,P1,M242,
8,1701,28.35,P1,M243,
9,1710,28.5,P1,M244,
10,1720,28.66666667,P1,M245,
11,1731,28.85,P1,M246,
4,1735,28.91666667,P1,M247,
5,1740,29,P1,M248,
6,1746,29.1,P1,M249,
7,1753,29.21666667,P1,M250,
8,1761,29.35,P1,M251,
9,1770,29.5,P1,M252,
10,1780,29.66666667,P1,M253,
11,1791,29.85,P1,M254,
4,1795,29.91666667,P1,M255,
5,1800,30,P1,M256,
1,1801,30.01666667,P1,M257,
2,1803,30.05,P1,M258,
3,1806,30.1,P1,M259,
4,1810,30.16666667,P1,M260,
5,1815,30.25,P1,M261,
6,1821,30.35,P1,M262,
7,1828,30.46666667,P1,M263,
8,1836,30.6,P1,M264,
9,1845,30.75,P1,M265,
10,1855,30.91666667,P1,M266,
11,1866,31.1,P1,M267,
4,1870,31.16666667,P1,M268,
5,1875,31.25,P1,M269,
6,1881,31.35,P1,M270,
7,1888,31.46666667,P1,M271,
8,1896,31.6,P1,M272,
9,1905,31.75,P1,M273,
10,1915,31.91666667,P1,M274,
11,1926,32.1,P1,M275,
4,1930,32.16666667,P1,M276,
5,1935,32.25,P1,M277,
6,1941,32.35,P1,M278,
7,1948,32.46666667,P1,M279,
8,1956,32.6,P1,M280,
9,1965,32.75,P1,M281,
10,1975,32.91666667,P1,M282,
11,1986,33.1,P1,M283,
4,1990,33.16666667,P1,M284,
5,1995,33.25,P1,M285,
6,2001,33.35,P1,M286,
7,2008,33.46666667,P1,M287,
8,2016,33.6,P1,M288,
9,2025,33.75,P1,M289,
10,2035,33.91666667,P1,M290,
11,2046,34.1,P1,M291,
4,2050,34.16666667,P1,M292,
5,2055,34.25,P1,M293,
6,2061,34.35,P1,M294,
4,2065,34.41666667,P1,M295,
5,2070,34.5,P1,M296,
6,2076,34.6,P1,M297,
7,2083,34.71666667,P1,M298,
8,2091,34.85,P1,M299,
9,2100,35,P1,M300,
10,2110,35.16666667,P1,M301,
11,2121,35.35,P1,M302,
4,2125,35.41666667,P1,M303,
5,2130,35.5,P1,M304,
6,2136,35.6,P1,M305,
7,2143,35.71666667,P1,M306,
8,2151,35.85,P1,M307,
9,2160,36,P1,M308,
10,2170,36.16666667,P1,M309,
11,2181,36.35,P1,M310,
4,2185,36.41666667,P1,M311,
5,2190,36.5,P1,M312,
6,2196,36.6,P1,M313,
7,2203,36.71666667,P1,M314,
8,2211,36.85,P1,M315,
9,2220,37,P1,M316,
10,2230,37.16666667,P1,M317,
11,2241,37.35,P1,M318,
1,2242,37.36666667,P1,M319,
2,2244,37.4,P1,M320,
3,2247,37.45,P1,M321,
4,2251,37.51666667,P1,M322,
5,2256,37.6,P1,M323,
6,2262,37.7,P1,M324,
7,2269,37.81666667,P1,M325,
8,2277,37.95,P1,M326,
9,2286,38.1,P1,M327,
10,2296,38.26666667,P1,M328,
11,2307,38.45,P1,M329,
4,2311,38.51666667,P1,M330,
5,2316,38.6,P1,M331,
6,2322,38.7,P1,M332,
7,2329,38.81666667,P1,M333,
8,2337,38.95,P1,M334,
9,2346,39.1,P1,M335,
10,2356,39.26666667,P1,M336,
11,2367,39.45,P1,M337,
4,2371,39.51666667,P1,M338,
5,2376,39.6,P1,M339,
6,2382,39.7,P1,M340,
7,2389,39.81666667,P1,M341,
8,2397,39.95,P1,M342,
9,2406,40.1,P1,M343,
10,2416,40.26666667,P1,M344,
11,2427,40.45,P1,M345,
4,2431,40.51666667,P1,M346,
5,2436,40.6,P1,M347,
6,2442,40.7,P1,M348,
7,2449,40.81666667,P1,M349,
8,2457,40.95,P1,M350,
9,2466,41.1,P1,M351,
10,2476,41.26666667,P1,M352,
11,2487,41.45,P1,M353,
4,2491,41.51666667,P1,M354,
5,2496,41.6,P1,M355,
6,2502,41.7,P1,M356,
4,2506,41.76666667,P1,M357,
5,2511,41.85,P1,M358,
6,2517,41.95,P1,M359,
7,2524,42.06666667,P1,M360,
8,2532,42.2,P1,M361,
9,2541,42.35,P1,M362,
10,2551,42.51666667,P1,M363,
11,2562,42.7,P1,M364,
4,2566,42.76666667,P1,M365,
5,2571,42.85,P1,M366,
6,2577,42.95,P1,M367,
7,2584,43.06666667,P1,M368,
8,2592,43.2,P1,M369,
9,2601,43.35,P1,M370,
10,2611,43.51666667,P1,M371,
11,2622,43.7,P1,M372,
4,2626,43.76666667,P1,M373,
5,2631,43.85,P1,M374,
6,2637,43.95,P1,M375,
7,2644,44.06666667,P1,M376,
8,2652,44.2,P1,M377,
9,2661,44.35,P1,M378,
10,2671,44.51666667,P1,M379,
11,2682,44.7,P1,M380,
4,2686,44.76666667,P1,M381,
5,2691,44.85,P1,M382,
1,2692,44.86666667,P1,M383,
2,2694,44.9,P1,M384,
3,2697,44.95,P1,M385,
4,2701,45.01666667,P1,M386,
5,2706,45.1,P1,M387,
6,2712,45.2,P1,M388,
7,2719,45.31666667,P1,M389,
8,2727,45.45,P1,M390,
9,2736,45.6,P1,M391,
10,2746,45.76666667,P1,M392,
11,2757,45.95,P1,M393,
4,2761,46.01666667,P1,M394,
5,2766,46.1,P1,M395,
6,2772,46.2,P1,M396,
7,2779,46.31666667,P1,M397,
8,2787,46.45,P1,M398,
9,2796,46.6,P1,M399,
10,2806,46.76666667,P1,M400,
11,2817,46.95,P1,M401,
4,2821,47.01666667,P1,M402,
5,2826,47.1,P1,M403,
6,2832,47.2,P1,M404,
7,2839,47.31666667,P1,M405,
8,2847,47.45,P1,M406,
9,2856,47.6,P1,M407,
10,2866,47.76666667,P1,M408,
11,2877,47.95,P1,M409,
4,2881,48.01666667,P1,M410,
5,2886,48.1,P1,M411,
6,2892,48.2,P1,M412,
7,2899,48.31666667,P1,M413,
8,2907,48.45,P1,M414,
9,2916,48.6,P1,M415,
10,2926,48.76666667,P1,M416,
11,2937,48.95,P1,M417,
4,2941,49.01666667,P1,M418,
5,2946,49.1,P1,M419,
6,2952,49.2,P1,M420,
4,2956,49.26666667,P1,M421,
5,2961,49.35,P1,M422,
6,2967,49.45,P1,M423,
7,2974,49.56666667,P1,M424,
8,2982,49.7,P1,M425,
9,2991,49.85,P1,M426,
10,3001,50.01666667,P1,M427,
11,3012,50.2,P1,M428,
4,3016,50.26666667,P1,M429,
5,3021,50.35,P1,M430,
6,3027,50.45,P1,M431,
7,3034,50.56666667,P1,M432,
8,3042,50.7,P1,M433,
9,3051,50.85,P1,M434,
10,3061,51.01666667,P1,M435,
11,3072,51.2,P1,M436,
4,3076,51.26666667,P1,M437,
5,3081,51.35,P1,M438,
6,3087,51.45,P1,M439,
7,3094,51.56666667,P1,M440,
8,3102,51.7,P1,M441,
9,3111,51.85,P1,M442,
10,3121,52.01666667,P1,M443,
11,3132,52.2,P1,M444,
4,3136,52.26666667,P1,M445,
5,3141,52.35,P1,M446,
1,3142,52.36666667,P1,M447,
2,3144,52.4,P1,M448,
3,3147,52.45,P1,M449,
4,3151,52.51666667,P1,M450,
5,3156,52.6,P1,M451,
6,3162,52.7,P1,M452,
7,3169,52.81666667,P1,M453,
8,3177,52.95,P1,M454,
9,3186,53.1,P1,M455,
10,3196,53.26666667,P1,M456,
11,3207,53.45,P1,M457,
4,3211,53.51666667,P1,M458,
5,3216,53.6,P1,M459,
6,3222,53.7,P1,M460,
7,3229,53.81666667,P1,M461,
8,3237,53.95,P1,M462,
9,3246,54.1,P1,M463,
10,3256,54.26666667,P1,M464,
11,3267,54.45,P1,M465,
4,3271,54.51666667,P1,M466,
5,3276,54.6,P1,M467,
6,3282,54.7,P1,M468,
7,3289,54.81666667,P1,M469,
8,3297,54.95,P1,M470,
9,3306,55.1,P1,M471,
10,3316,55.26666667,P1,M472,
11,3327,55.45,P1,M473,
4,3331,55.51666667,P1,M474,
5,3336,55.6,P1,M475,
6,3342,55.7,P1,M476,
7,3349,55.81666667,P1,M477,
8,3357,55.95,P1,M478,
9,3366,56.1,P1,M479,
10,3376,56.26666667,P1,M480,
11,3387,56.45,P1,M481,
4,3391,56.51666667,P1,M482,
5,3396,56.6,P1,M483,
6,3402,56.7,P1,M484,
4,3406,56.76666667,P1,M485,
5,3411,56.85,P1,M486,
6,3417,56.95,P1,M487,
7,3424,57.06666667,P1,M488,
8,3432,57.2,P1,M489,
9,3441,57.35,P1,M490,
10,3451,57.51666667,P1,M491,
11,3462,57.7,P1,M492,
4,3466,57.76666667,P1,M493,
5,3471,57.85,P1,M494,
6,3477,57.95,P1,M495,
7,3484,58.06666667,P1,M496,
8,3492,58.2,P1,M497,
9,3501,58.35,P1,M498,
10,3511,58.51666667,P1,M499,
11,3522,58.7,P1,M500,
4,3526,58.76666667,P1,M501,
5,3531,58.85,P1,M502,
6,3537,58.95,P1,M503,
7,3544,59.06666667,P1,M504,
8,3552,59.2,P1,M505,
9,3561,59.35,P1,M506,
10,3571,59.51666667,P1,M507,
11,3582,59.7,P1,M508,
4,3586,59.76666667,P1,M509,
5,3591,59.85,P1,M510,
1,3592,59.86666667,P1,M511,
2,3594,59.9,P1,M512,
3,3597,59.95,P1,M513,
4,3601,60.01666667,P1,M514,
5,3606,60.1,P1,M515,
6,3612,60.2,P1,M516,
7,3619,60.31666667,P1,M517,
8,3627,60.45,P1,M518,
9,3636,60.6,P1,M519,
10,3646,60.76666667,P1,M520,
11,3657,60.95,P2,M521,BOP-2
4,3661,61.01666667,P1,M522,
5,3666,61.1,P1,M523,
6,3672,61.2,P1,M524,
7,3679,61.31666667,P1,M525,
8,3687,61.45,P1,M526,
9,3696,61.6,P1,M527,
10,3706,61.76666667,P1,M528,
11,3717,61.95,P2,M529,
4,3721,62.01666667,P1,M530,
5,3726,62.1,P1,M531,
6,3732,62.2,P1,M532,
7,3739,62.31666667,P1,M533,
8,3747,62.45,P1,M534,
9,3756,62.6,P1,M535,
10,3766,62.76666667,P1,M536,
11,3777,62.95,P1,M537,
4,3781,63.01666667,P1,M538,
5,3786,63.1,P1,M539,
6,3792,63.2,P1,M540,
7,3799,63.31666667,P1,M541,
8,3807,63.45,P1,M542,
9,3816,63.6,P1,M543,
10,3826,63.76666667,P2,M544,
11,3837,63.95,P2,M545,
4,3841,64.01666667,P1,M546,
5,3846,64.1,P1,M547,
6,3852,64.2,P1,M548,EOP-1
4,3856,64.26666667,P2,M549,
5,3861,64.35,P2,M550,
6,3867,64.45,P2,M551,
7,3874,64.56666667,P2,M552,
8,3882,64.7,P2,M553,
9,3891,64.85,P2,M554,
10,3901,65.01666667,P2,M555,
11,3912,65.2,P2,M556,
4,3916,65.26666667,P2,M557,
5,3921,65.35,P2,M558,
6,3927,65.45,P2,M559,
7,3934,65.56666667,P2,M560,
8,3942,65.7,P2,M561,
9,3951,65.85,P2,M562,
10,3961,66.01666667,P2,M563,
11,3972,66.2,P2,M564,
4,3976,66.26666667,P2,M565,
5,3981,66.35,P2,M566,
6,3987,66.45,P2,M567,
7,3994,66.56666667,P2,M568,
8,4002,66.7,P2,M569,
9,4011,66.85,P2,M570,
10,4021,67.01666667,P2,M571,
11,4032,67.2,P2,M572,
4,4036,67.26666667,P2,M573,
5,4041,67.35,P2,M574,
1,4042,67.36666667,P2,M575,
2,4044,67.4,P2,M576,
3,4047,67.45,P2,M577,
4,4051,67.51666667,P2,M578,
5,4056,67.6,P2,M579,
6,4062,67.7,P2,M580,
7,4069,67.81666667,P2,M581,
8,4077,67.95,P2,M582,
9,4086,68.1,P2,M583,
10,4096,68.26666667,P2,M584,
11,4107,68.45,P2,M585,
4,4111,68.51666667,P2,M586,
5,4116,68.6,P2,M587,
6,4122,68.7,P2,M588,
7,4129,68.81666667,P2,M589,
8,4137,68.95,P2,M590,
9,4146,69.1,P2,M591,
10,4156,69.26666667,P2,M592,
11,4167,69.45,P2,M593,
4,4171,69.51666667,P2,M594,
5,4176,69.6,P2,M595,
6,4182,69.7,P2,M596,
7,4189,69.81666667,P2,M597,
8,4197,69.95,P2,M598,
9,4206,70.1,P2,M599,
10,4216,70.26666667,P2,M600,
11,4227,70.45,P2,M601,
4,4231,70.51666667,P2,M602,
5,4236,70.6,P2,M603,
6,4242,70.7,P2,M604,
7,4249,70.81666667,P2,M605,
8,4257,70.95,P2,M606,
9,4266,71.1,P2,M607,
10,4276,71.26666667,P2,M608,
11,4287,71.45,P2,M609,
4,4291,71.51666667,P2,M610,
5,4296,71.6,P2,M611,
6,4302,71.7,P2,M612,
4,4306,71.76666667,P2,M613,
5,4311,71.85,P2,M614,
6,4317,71.95,P2,M615,
7,4324,72.06666667,P2,M616,
8,4332,72.2,P2,M617,
9,4341,72.35,P2,M618,
10,4351,72.51666667,P2,M619,
11,4362,72.7,P2,M620,
4,4366,72.76666667,P2,M621,
5,4371,72.85,P2,M622,
6,4377,72.95,P2,M623,
7,4384,73.06666667,P2,M624,
8,4392,73.2,P2,M625,
9,4401,73.35,P2,M626,
10,4411,73.51666667,P2,M627,
11,4422,73.7,P2,M628,
4,4426,73.76666667,P2,M629,
5,4431,73.85,P2,M630,
6,4437,73.95,P2,M631,
7,4444,74.06666667,P2,M632,
8,4452,74.2,P2,M633,
9,4461,74.35,P2,M634,
10,4471,74.51666667,P2,M635,
11,4482,74.7,P2,M636,
1,4483,74.71666667,P2,M637,
2,4485,74.75,P2,M638,
3,4488,74.8,P2,M639,
4,4492,74.86666667,P2,M640,
5,4497,74.95,P2,M641,
6,4503,75.05,P2,M642,
7,4510,75.16666667,P2,M643,
8,4518,75.3,P2,M644,
9,4527,75.45,P2,M645,
10,4537,75.61666667,P2,M646,
11,4548,75.8,P2,M647,
4,4552,75.86666667,P2,M648,
5,4557,75.95,P2,M649,
6,4563,76.05,P2,M650,
7,4570,76.16666667,P2,M651,
8,4578,76.3,P2,M652,
9,4587,76.45,P2,M653,
10,4597,76.61666667,P2,M654,
11,4608,76.8,P2,M655,
4,4612,76.86666667,P2,M656,
5,4617,76.95,P2,M657,
6,4623,77.05,P2,M658,
7,4630,77.16666667,P2,M659,
8,4638,77.3,P2,M660,
9,4647,77.45,P2,M661,
10,4657,77.61666667,P2,M662,
11,4668,77.8,P2,M663,
4,4672,77.86666667,P2,M664,
5,4677,77.95,P2,M665,
6,4683,78.05,P2,M666,
7,4690,78.16666667,P2,M667,
8,4698,78.3,P2,M668,
9,4707,78.45,P2,M669,
10,4717,78.61666667,P2,M670,
11,4728,78.8,P2,M671,
4,4732,78.86666667,P2,M672,
5,4737,78.95,P2,M673,
6,4743,79.05,P2,M674,
4,4747,79.11666667,P2,M675,
5,4752,79.2,P2,M676,
6,4758,79.3,P2,M677,
7,4765,79.41666667,P2,M678,
8,4773,79.55,P2,M679,
9,4782,79.7,P2,M680,
10,4792,79.86666667,P2,M681,
11,4803,80.05,P2,M682,
4,4807,80.11666667,P2,M683,
5,4812,80.2,P2,M684,
6,4818,80.3,P2,M685,
7,4825,80.41666667,P2,M686,
8,4833,80.55,P2,M687,
9,4842,80.7,P2,M688,
10,4852,80.86666667,P2,M689,
11,4863,81.05,P2,M690,
4,4867,81.11666667,P2,M691,
5,4872,81.2,P2,M692,
6,4878,81.3,P2,M693,
7,4885,81.41666667,P2,M694,
8,4893,81.55,P2,M695,
9,4902,81.7,P2,M696,
10,4912,81.86666667,P2,M697,
11,4923,82.05,P2,M698,
4,4927,82.11666667,P2,M699,
5,4932,82.2,P2,M700,
1,4933,82.21666667,P2,M701,
2,4935,82.25,P2,M702,
3,4938,82.3,P2,M703,
4,4942,82.36666667,P2,M704,
5,4947,82.45,P2,M705,
6,4953,82.55,P2,M706,
7,4960,82.66666667,P2,M707,
8,4968,82.8,P2,M708,
9,4977,82.95,P2,M709,
10,4987,83.11666667,P2,M710,
11,4998,83.3,P2,M711,
4,5002,83.36666667,P2,M712,
5,5007,83.45,P2,M713,
6,5013,83.55,P2,M714,
7,5020,83.66666667,P2,M715,
8,5028,83.8,P2,M716,
9,5037,83.95,P2,M717,
10,5047,84.11666667,P2,M718,
11,5058,84.3,P2,M719,
4,5062,84.36666667,P2,M720,
5,5067,84.45,P2,M721,
6,5073,84.55,P2,M722,
7,5080,84.66666667,P2,M723,
8,5088,84.8,P2,M724,
9,5097,84.95,P2,M725,
10,5107,85.11666667,P2,M726,
11,5118,85.3,P2,M727,
4,5122,85.36666667,P2,M728,
5,5127,85.45,P2,M729,
6,5133,85.55,P2,M730,
7,5140,85.66666667,P2,M731,
8,5148,85.8,P2,M732,
9,5157,85.95,P2,M733,
10,5167,86.11666667,P2,M734,
11,5178,86.3,P2,M735,
4,5182,86.36666667,P2,M736,
5,5187,86.45,P2,M737,
6,5193,86.55,P2,M738,
4,5197,86.61666667,P2,M739,
5,5202,86.7,P2,M740,
6,5208,86.8,P2,M741,
7,5215,86.91666667,P2,M742,
8,5223,87.05,P2,M743,
9,5232,87.2,P2,M744,
10,5242,87.36666667,P2,M745,
11,5253,87.55,P2,M746,
4,5257,87.61666667,P2,M747,
5,5262,87.7,P2,M748,
6,5268,87.8,P2,M749,
7,5275,87.91666667,P2,M750,
8,5283,88.05,P2,M751,
9,5292,88.2,P2,M752,
10,5302,88.36666667,P2,M753,
11,5313,88.55,P2,M754,
4,5317,88.61666667,P2,M755,
5,5322,88.7,P2,M756,
6,5328,88.8,P2,M757,
7,5335,88.91666667,P2,M758,
8,5343,89.05,P2,M759,
9,5352,89.2,P2,M760,
10,5362,89.36666667,P2,M761,
11,5373,89.55,P2,M762,
4,5377,89.61666667,P2,M763,
5,5382,89.7,P2,M764,
1,5383,89.71666667,P2,M765,
2,5385,89.75,P2,M766,
3,5388,89.8,P2,M767,
4,5392,89.86666667,P2,M768,
5,5397,89.95,P2,M769,
6,5403,90.05,P2,M770,
7,5410,90.16666667,P2,M771,
8,5418,90.3,P2,M772,
9,5427,90.45,P2,M773,
10,5437,90.61666667,P2,M774,
11,5448,90.8,P2,M775,
4,5452,90.86666667,P2,M776,
5,5457,90.95,P2,M777,
6,5463,91.05,P2,M778,
7,5470,91.16666667,P2,M779,
8,5478,91.3,P2,M780,
9,5487,91.45,P2,M781,
10,5497,91.61666667,P2,M782,
11,5508,91.8,P2,M783,
4,5512,91.86666667,P2,M784,
5,5517,91.95,P2,M785,
6,5523,92.05,P2,M786,
7,5530,92.16666667,P2,M787,
8,5538,92.3,P2,M788,
9,5547,92.45,P2,M789,
10,5557,92.61666667,P2,M790,
11,5568,92.8,P2,M791,
4,5572,92.86666667,P2,M792,
5,5577,92.95,P2,M793,
6,5583,93.05,P2,M794,
7,5590,93.16666667,P2,M795,
8,5598,93.3,P2,M796,
9,5607,93.45,P2,M797,
10,5617,93.61666667,P2,M798,
11,5628,93.8,P2,M799,
4,5632,93.86666667,P2,M800,
5,5637,93.95,P2,M801,
6,5643,94.05,P2,M802,
4,5647,94.11666667,P2,M803,
5,5652,94.2,P2,M804,
6,5658,94.3,P2,M805,
7,5665,94.41666667,P2,M806,
8,5673,94.55,P2,M807,
9,5682,94.7,P2,M808,
10,5692,94.86666667,P2,M809,
11,5703,95.05,P2,M810,
4,5707,95.11666667,P2,M811,
5,5712,95.2,P2,M812,
6,5718,95.3,P2,M813,
7,5725,95.41666667,P2,M814,
8,5733,95.55,P2,M815,
9,5742,95.7,P2,M816,
10,5752,95.86666667,P2,M817,
11,5763,96.05,P2,M818,
4,5767,96.11666667,P2,M819,
5,5772,96.2,P2,M820,
6,5778,96.3,P2,M821,
7,5785,96.41666667,P2,M822,
8,5793,96.55,P2,M823,
9,5802,96.7,P2,M824,
10,5812,96.86666667,P2,M825,
11,5823,97.05,P2,M826,
4,5827,97.11666667,P2,M827,
5,5832,97.2,P2,M828,
1,5833,97.21666667,P2,M829,
2,5835,97.25,P2,M830,
3,5838,97.3,P2,M831,
4,5842,97.36666667,P2,M832,
5,5847,97.45,P2,M833,
6,5853,97.55,P2,M834,
7,5860,97.66666667,P2,M835,
8,5868,97.8,P2,M836,
9,5877,97.95,P2,M837,
10,5887,98.11666667,P2,M838,
11,5898,98.3,P2,M839,
4,5902,98.36666667,P2,M840,
5,5907,98.45,P2,M841,
6,5913,98.55,P2,M842,
7,5920,98.66666667,P2,M843,
8,5928,98.8,P2,M844,
9,5937,98.95,P2,M845,
10,5947,99.11666667,P2,M846,
11,5958,99.3,P2,M847,
4,5962,99.36666667,P2,M848,
5,5967,99.45,P2,M849,
6,5973,99.55,P2,M850,
7,5980,99.66666667,P2,M851,
8,5988,99.8,P2,M852,
9,5997,99.95,P2,M853,
10,6007,100.1166667,P2,M854,
11,6018,100.3,P2,M855,
4,6022,100.3666667,P2,M856,
5,6027,100.45,P2,M857,
6,6033,100.55,P2,M858,
7,6040,100.6666667,P2,M859,
8,6048,100.8,P2,M860,
9,6057,100.95,P2,M861,
10,6067,101.1166667,P2,M862,
11,6078,101.3,P2,M863,
4,6082,101.3666667,P2,M864,
5,6087,101.45,P2,M865,
6,6093,101.55,P2,M866,
4,6097,101.6166667,P2,M867,
5,6102,101.7,P2,M868,
6,6108,101.8,P2,M869,
7,6115,101.9166667,P2,M870,
8,6123,102.05,P2,M871,
9,6132,102.2,P2,M872,
10,6142,102.3666667,P2,M873,
11,6153,102.55,P2,M874,
4,6157,102.6166667,P2,M875,
5,6162,102.7,P2,M876,
6,6168,102.8,P2,M877,
7,6175,102.9166667,P2,M878,
8,6183,103.05,P2,M879,
9,6192,103.2,P2,M880,
10,6202,103.3666667,P2,M881,
11,6213,103.55,P2,M882,
4,6217,103.6166667,P2,M883,
5,6222,103.7,P2,M884,
6,6228,103.8,P2,M885,
7,6235,103.9166667,P2,M886,
8,6243,104.05,P2,M887,
9,6252,104.2,P2,M888,
10,6262,104.3666667,P2,M889,
11,6273,104.55,P2,M890,
4,6277,104.6166667,P2,M891,
5,6282,104.7,P2,M892,
1,6283,104.7166667,P2,M893,
2,6285,104.75,P2,M894,
3,6288,104.8,P2,M895,
4,6292,104.8666667,P2,M896,
5,6297,104.95,P2,M897,
6,6303,105.05,P2,M898,
7,6310,105.1666667,P2,M899,
8,6318,105.3,P2,M900,
9,6327,105.45,P2,M901,
10,6337,105.6166667,P2,M902,
11,6348,105.8,P2,M903,
4,6352,105.8666667,P2,M904,
5,6357,105.95,P2,M905,
6,6363,106.05,P2,M906,
7,6370,106.1666667,P2,M907,
8,6378,106.3,P2,M908,
9,6387,106.45,P2,M909,
10,6397,106.6166667,P2,M910,
11,6408,106.8,P2,M911,
4,6412,106.8666667,P2,M912,
5,6417,106.95,P2,M913,
6,6423,107.05,P2,M914,
7,6430,107.1666667,P2,M915,
8,6438,107.3,P2,M916,
9,6447,107.45,P2,M917,
10,6457,107.6166667,P2,M918,
11,6468,107.8,P2,M919,
4,6472,107.8666667,P2,M920,
5,6477,107.95,P2,M921,
6,6483,108.05,P2,M922,
7,6490,108.1666667,P2,M923,
8,6498,108.3,P2,M924,
9,6507,108.45,P2,M925,
10,6517,108.6166667,P2,M926,
11,6528,108.8,P2,M927,
4,6532,108.8666667,P2,M928,
5,6537,108.95,P2,M929,
6,6543,109.05,P2,M930,
4,6547,109.1166667,P2,M931,
5,6552,109.2,P2,M932,
6,6558,109.3,P2,M933,
7,6565,109.4166667,P2,M934,
8,6573,109.55,P2,M935,
9,6582,109.7,P2,M936,
10,6592,109.8666667,P2,M937,
11,6603,110.05,P2,M938,
4,6607,110.1166667,P2,M939,
5,6612,110.2,P2,M940,
6,6618,110.3,P2,M941,
7,6625,110.4166667,P2,M942,
8,6633,110.55,P2,M943,
9,6642,110.7,P2,M944,
10,6652,110.8666667,P2,M945,
11,6663,111.05,P2,M946,
4,6667,111.1166667,P2,M947,
5,6672,111.2,P2,M948,
6,6678,111.3,P2,M949,
7,6685,111.4166667,P2,M950,
8,6693,111.55,P2,M951,
9,6702,111.7,P2,M952,
10,6712,111.8666667,P2,M953,
11,6723,112.05,P2,M954,
1,6724,112.0666667,P2,M955,
2,6726,112.1,P2,M956,
3,6729,112.15,P2,M957,
4,6733,112.2166667,P2,M958,
5,6738,112.3,P2,M959,
6,6744,112.4,P2,M960,
7,6751,112.5166667,P2,M961,
8,6759,112.65,P2,M962,
9,6768,112.8,P2,M963,
10,6778,112.9666667,P2,M964,
11,6789,113.15,P2,M965,
4,6793,113.2166667,P2,M966,
5,6798,113.3,P2,M967,
6,6804,113.4,P2,M968,
7,6811,113.5166667,P2,M969,
8,6819,113.65,P2,M970,
9,6828,113.8,P2,M971,
10,6838,113.9666667,P2,M972,
11,6849,114.15,P2,M973,
4,6853,114.2166667,P2,M974,
5,6858,114.3,P2,M975,
6,6864,114.4,P2,M976,
7,6871,114.5166667,P2,M977,
8,6879,114.65,P2,M978,
9,6888,114.8,P2,M979,
10,6898,114.9666667,P2,M980,
11,6909,115.15,P2,M981,
4,6913,115.2166667,P2,M982,
5,6918,115.3,P2,M983,
6,6924,115.4,P2,M984,
7,6931,115.5166667,P2,M985,
8,6939,115.65,P2,M986,
9,6948,115.8,P2,M987,
10,6958,115.9666667,P2,M988,
11,6969,116.15,P2,M989,
4,6973,116.2166667,P2,M990,
5,6978,116.3,P2,M991,
6,6984,116.4,P2,M992,
4,6988,116.4666667,P2,M993,
5,6993,116.55,P2,M994,
6,6999,116.65,P2,M995,
7,7006,116.7666667,P2,M996,
8,7014,116.9,P2,M997,
9,7023,117.05,P2,M998,
10,7033,117.2166667,P2,M999,
11,7044,117.4,P2,M1000,
4,7048,117.4666667,P2,M1001,
5,7053,117.55,P2,M1002,
6,7059,117.65,P2,M1003,
7,7066,117.7666667,P2,M1004,
8,7074,117.9,P2,M1005,
9,7083,118.05,P2,M1006,
10,7093,118.2166667,P2,M1007,
11,7104,118.4,P2,M1008,
4,7108,118.4666667,P2,M1009,
5,7113,118.55,P2,M1010,
6,7119,118.65,P2,M1011,
7,7126,118.7666667,P2,M1012,
8,7134,118.9,P2,M1013,
9,7143,119.05,P2,M1014,
10,7153,119.2166667,P2,M1015,
11,7164,119.4,P2,M1016,
4,7168,119.4666667,P2,M1017,
5,7173,119.55,P2,M1018,
1,7174,119.5666667,P2,M1019,
2,7176,119.6,P2,M1020,
3,7179,119.65,P2,M1021,
4,7183,119.7166667,P2,M1022,
5,7188,119.8,P2,M1023,
6,7194,119.9,P2,M1024,
7,7201,120.0166667,P2,M1025,
8,7209,120.15,P2,M1026,
9,7218,120.3,P2,M1027,
10,7228,120.4666667,P2,M1028,
11,7239,120.65,P2,M1029,
4,7243,120.7166667,P2,M1030,
5,7248,120.8,P2,M1031,
6,7254,120.9,P2,M1032,
7,7261,121.0166667,P2,M1033,
8,7269,121.15,P2,M1034,
9,7278,121.3,P2,M1035,
10,7288,121.4666667,P3,M1036,BOP-3
11,7299,121.65,P2,M1037,
4,7303,121.7166667,P3,M1038,
5,7308,121.8,P2,M1039,
6,7314,121.9,P2,M1040,
7,7321,122.0166667,P2,M1041,
8,7329,122.15,P2,M1042,
9,7338,122.3,P3,M1043,
10,7348,122.4666667,P3,M1044,
11,7359,122.65,P3,M1045,
4,7363,122.7166667,P3,M1046,
5,7368,122.8,P2,M1047,
6,7374,122.9,P3,M1048,
7,7381,123.0166667,P3,M1049,
8,7389,123.15,P3,M1050,
9,7398,123.3,P3,M1051,
10,7408,123.4666667,P3,M1052,
11,7419,123.65,P3,M1053,
4,7423,123.7166667,P3,M1054,
5,7428,123.8,P3,M1055,
6,7434,123.9,P2,M1056,EOP-2
4,7438,123.9666667,P3,M1057,
5,7443,124.05,P3,M1058,
6,7449,124.15,P3,M1059,
7,7456,124.2666667,P3,M1060,
8,7464,124.4,P3,M1061,
9,7473,124.55,P3,M1062,
10,7483,124.7166667,P3,M1063,
11,7494,124.9,P3,M1064,
4,7498,124.9666667,P3,M1065,
5,7503,125.05,P3,M1066,
6,7509,125.15,P3,M1067,
7,7516,125.2666667,P3,M1068,
8,7524,125.4,P3,M1069,
9,7533,125.55,P3,M1070,
10,7543,125.7166667,P3,M1071,
11,7554,125.9,P3,M1072,
4,7558,125.9666667,P3,M1073,
5,7563,126.05,P3,M1074,
6,7569,126.15,P3,M1075,
7,7576,126.2666667,P3,M1076,
8,7584,126.4,P3,M1077,
9,7593,126.55,P3,M1078,
10,7603,126.7166667,P3,M1079,
11,7614,126.9,P3,M1080,
4,7618,126.9666667,P3,M1081,
5,7623,127.05,P3,M1082,
1,7624,127.0666667,P3,M1083,
2,7626,127.1,P3,M1084,
3,7629,127.15,P3,M1085,
4,7633,127.2166667,P3,M1086,
5,7638,127.3,P3,M1087,
6,7644,127.4,P3,M1088,
7,7651,127.5166667,P3,M1089,
8,7659,127.65,P3,M1090,
9,7668,127.8,P3,M1091,
10,7678,127.9666667,P3,M1092,
11,7689,128.15,P3,M1093,
4,7693,128.2166667,P3,M1094,
5,7698,128.3,P3,M1095,
6,7704,128.4,P3,M1096,
7,7711,128.5166667,P3,M1097,
8,7719,128.65,P3,M1098,
9,7728,128.8,P3,M1099,
10,7738,128.9666667,P3,M1100,
11,7749,129.15,P3,M1101,
4,7753,129.2166667,P3,M1102,
5,7758,129.3,P3,M1103,
6,7764,129.4,P3,M1104,
7,7771,129.5166667,P3,M1105,
8,7779,129.65,P3,M1106,
9,7788,129.8,P3,M1107,
10,7798,129.9666667,P3,M1108,
11,7809,130.15,P3,M1109,
4,7813,130.2166667,P3,M1110,
5,7818,130.3,P3,M1111,
6,7824,130.4,P3,M1112,
7,7831,130.5166667,P3,M1113,
8,7839,130.65,P3,M1114,
9,7848,130.8,P3,M1115,
10,7858,130.9666667,P3,M1116,
11,7869,131.15,P3,M1117,
4,7873,131.2166667,P3,M1118,
5,7878,131.3,P3,M1119,
6,7884,131.4,P3,M1120,
4,7888,131.4666667,P3,M1121,
5,7893,131.55,P3,M1122,
6,7899,131.65,P3,M1123,
7,7906,131.7666667,P3,M1124,
8,7914,131.9,P3,M1125,
9,7923,132.05,P3,M1126,
10,7933,132.2166667,P3,M1127,
11,7944,132.4,P3,M1128,
4,7948,132.4666667,P3,M1129,
5,7953,132.55,P3,M1130,
6,7959,132.65,P3,M1131,
7,7966,132.7666667,P3,M1132,
8,7974,132.9,P3,M1133,
9,7983,133.05,P3,M1134,
10,7993,133.2166667,P3,M1135,
11,8004,133.4,P3,M1136,
4,8008,133.4666667,P3,M1137,
5,8013,133.55,P3,M1138,
6,8019,133.65,P3,M1139,
7,8026,133.7666667,P3,M1140,
8,8034,133.9,P3,M1141,
9,8043,134.05,P3,M1142,
10,8053,134.2166667,P3,M1143,
11,8064,134.4,P3,M1144,
4,8068,134.4666667,P3,M1145,
5,8073,134.55,P3,M1146,
1,8074,134.5666667,P3,M1147,
2,8076,134.6,P3,M1148,
3,8079,134.65,P3,M1149,
4,8083,134.7166667,P3,M1150,
5,8088,134.8,P3,M1151,
6,8094,134.9,P3,M1152,
7,8101,135.0166667,P3,M1153,
8,8109,135.15,P3,M1154,
9,8118,135.3,P3,M1155,
10,8128,135.4666667,P3,M1156,
11,8139,135.65,P3,M1157,
4,8143,135.7166667,P3,M1158,
5,8148,135.8,P3,M1159,
6,8154,135.9,P3,M1160,
7,8161,136.0166667,P3,M1161,
8,8169,136.15,P3,M1162,
9,8178,136.3,P3,M1163,
10,8188,136.4666667,P3,M1164,
11,8199,136.65,P3,M1165,
4,8203,136.7166667,P3,M1166,
5,8208,136.8,P3,M1167,
6,8214,136.9,P3,M1168,
7,8221,137.0166667,P3,M1169,
8,8229,137.15,P3,M1170,
9,8238,137.3,P3,M1171,
10,8248,137.4666667,P3,M1172,
11,8259,137.65,P3,M1173,
4,8263,137.7166667,P3,M1174,
5,8268,137.8,P3,M1175,
